{"0": [-0.907276451587677, 14.05275821685791], "1": [-1.0710328817367554, 16.929908752441406], "2": [-0.9071627855300903, 7.6537041664123535], "3": [-0.8318252563476562, 4.6818013191223145], "4": [-0.8971545696258545, 11.104531288146973], "5": [-0.8876044750213623, 12.34298038482666], "6": [-0.8702510595321655, 10.944114685058594], "7": [-0.902999997138977, 12.639286041259766]}